year,product,Hs02 ID,PCI_hs02,Hs07 Product,PCI_hs07,Right4Char,component
2003,Semi-finished products of iron or non-alloy steel.,157207,-0.584521,,,7207,Forgings
2004,Semi-finished products of iron or non-alloy steel.,157207,-0.439,,,7207,Forgings
2005,Semi-finished products of iron or non-alloy steel.,157207,-0.357,,,7207,Forgings
2006,Semi-finished products of iron or non-alloy steel.,157207,0.135,,,7207,Forgings
2007,Semi-finished products of iron or non-alloy steel.,157207,0.057,,,7207,Forgings
2008,Semi-finished products of iron or non-alloy steel.,157207,-0.153,157207,-0.108965,7207,Forgings
2009,Semi-finished products of iron or non-alloy steel.,157207,0.016,157207,-0.318,7207,Forgings
2010,Semi-finished products of iron or non-alloy steel.,157207,-0.065,157207,-0.181,7207,Forgings
2011,Semi-finished products of iron or non-alloy steel.,157207,-0.11,157207,-0.031,7207,Forgings
2012,Semi-finished products of iron or non-alloy steel.,157207,-0.192,157207,-0.222,7207,Forgings
2013,Semi-finished products of iron or non-alloy steel.,157207,-0.275,157207,-0.355,7207,Forgings
2014,Semi-finished products of iron or non-alloy steel.,157207,-0.023,157207,-0.064,7207,Forgings
2015,Semi-finished products of iron or non-alloy steel.,157207,-0.206,157207,-0.215,7207,Forgings
2016,Semi-finished products of iron or non-alloy steel.,157207,-0.555,157207,-0.564,7207,Forgings
2017,Semi-finished products of iron or non-alloy steel.,157207,-0.981,157207,-0.89,7207,Forgings
2003,"Other bars and rods of iron or non-alloy steel, not further worked than for ...",157214,-1.05291,,,7214,Forgings
2004,"Other bars and rods of iron or non-alloy steel, not further worked than for ...",157214,-0.924,,,7214,Forgings
2005,"Other bars and rods of iron or non-alloy steel, not further worked than for ...",157214,-1.104,,,7214,Forgings
2006,"Other bars and rods of iron or non-alloy steel, not further worked than for ...",157214,-1.053,,,7214,Forgings
2007,"Other bars and rods of iron or non-alloy steel, not further worked than for ...",157214,-0.764,,,7214,Forgings
2008,"Other bars and rods of iron or non-alloy steel, not further worked than for ...",157214,-0.983,157214,-0.707042,7214,Forgings
2009,"Other bars and rods of iron or non-alloy steel, not further worked than for ...",157214,-0.981,157214,-0.976,7214,Forgings
2010,"Other bars and rods of iron or non-alloy steel, not further worked than for ...",157214,-0.961,157214,-0.948,7214,Forgings
2011,"Other bars and rods of iron or non-alloy steel, not further worked than for ...",157214,-1.188,157214,-1.068,7214,Forgings
2012,"Other bars and rods of iron or non-alloy steel, not further worked than for ...",157214,-1.064,157214,-0.852,7214,Forgings
2013,"Other bars and rods of iron or non-alloy steel, not further worked than for ...",157214,-0.772,157214,-0.812,7214,Forgings
2014,"Other bars and rods of iron or non-alloy steel, not further worked than for ...",157214,-1.078,157214,-1.072,7214,Forgings
2015,"Other bars and rods of iron or non-alloy steel, not further worked than for ...",157214,-1.013,157214,-1.023,7214,Forgings
2016,"Other bars and rods of iron or non-alloy steel, not further worked than for ...",157214,-0.959,157214,-0.96,7214,Forgings
2017,"Other bars and rods of iron or non-alloy steel, not further worked than for ...",157214,-1.134,157214,-1.14,7214,Forgings
2003,Other bars and rods of other alloy steel;,157228,0.763885,,,7228,Forgings
2004,Other bars and rods of other alloy steel;,157228,0.693,,,7228,Forgings
2005,Other bars and rods of other alloy steel;,157228,0.488,,,7228,Forgings
2006,Other bars and rods of other alloy steel;,157228,0.5,,,7228,Forgings
2007,Other bars and rods of other alloy steel;,157228,0.691,,,7228,Forgings
2008,Other bars and rods of other alloy steel;,157228,0.406,157228,0.327281,7228,Forgings
2009,Other bars and rods of other alloy steel;,157228,0.576,157228,0.367,7228,Forgings
2010,Other bars and rods of other alloy steel;,157228,0.759,157228,0.57,7228,Forgings
2011,Other bars and rods of other alloy steel;,157228,0.975,157228,0.695,7228,Forgings
2012,Other bars and rods of other alloy steel;,157228,0.912,157228,0.873,7228,Forgings
2013,Other bars and rods of other alloy steel;,157228,1.043,157228,0.862,7228,Forgings
2014,Other bars and rods of other alloy steel;,157228,1.039,157228,1.038,7228,Forgings
2015,Other bars and rods of other alloy steel;,157228,1.114,157228,1.109,7228,Forgings
2016,Other bars and rods of other alloy steel;,157228,0.898,157228,0.904,7228,Forgings
2017,Other bars and rods of other alloy steel;,157228,0.959,157228,0.961,7228,Forgings
2003,"Tube or pipe fittings (for example, couplings, elbows, sleeves), of iron or ...",157307,1.03073,,,7307,Forgings
2004,"Tube or pipe fittings (for example, couplings, elbows, sleeves), of iron or ...",157307,1.107,,,7307,Forgings
2005,"Tube or pipe fittings (for example, couplings, elbows, sleeves), of iron or ...",157307,0.708,,,7307,Forgings
2006,"Tube or pipe fittings (for example, couplings, elbows, sleeves), of iron or ...",157307,0.86,,,7307,Forgings
2007,"Tube or pipe fittings (for example, couplings, elbows, sleeves), of iron or ...",157307,1.123,,,7307,Forgings
2008,"Tube or pipe fittings (for example, couplings, elbows, sleeves), of iron or ...",157307,1.047,157307,1.06214,7307,Forgings
2009,"Tube or pipe fittings (for example, couplings, elbows, sleeves), of iron or ...",157307,0.738,157307,0.696,7307,Forgings
2010,"Tube or pipe fittings (for example, couplings, elbows, sleeves), of iron or ...",157307,0.805,157307,0.809,7307,Forgings
2011,"Tube or pipe fittings (for example, couplings, elbows, sleeves), of iron or ...",157307,0.699,157307,0.715,7307,Forgings
2012,"Tube or pipe fittings (for example, couplings, elbows, sleeves), of iron or ...",157307,0.985,157307,1.17,7307,Forgings
2013,"Tube or pipe fittings (for example, couplings, elbows, sleeves), of iron or ...",157307,1.02,157307,1.248,7307,Forgings
2014,"Tube or pipe fittings (for example, couplings, elbows, sleeves), of iron or ...",157307,1.348,157307,1.294,7307,Forgings
2015,"Tube or pipe fittings (for example, couplings, elbows, sleeves), of iron or ...",157307,1.345,157307,1.338,7307,Forgings
2016,"Tube or pipe fittings (for example, couplings, elbows, sleeves), of iron or ...",157307,1.414,157307,1.379,7307,Forgings
2017,"Tube or pipe fittings (for example, couplings, elbows, sleeves), of iron or ...",157307,1.303,157307,1.306,7307,Forgings
2003,Towers & lattice masts of iron/steel,15730820,-0.425408,,,730820,Tower
2004,Towers & lattice masts of iron/steel,15730820,-0.647,,,730820,Tower
2005,Towers & lattice masts of iron/steel,15730820,-0.891,,,730820,Tower
2006,Towers & lattice masts of iron/steel,15730820,-0.743,,,730820,Tower
2007,Towers & lattice masts of iron/steel,15730820,-0.669,,,730820,Tower
2008,Towers & lattice masts of iron/steel,15730820,-0.558,15730820,-0.692082,730820,Tower
2009,Towers & lattice masts of iron/steel,15730820,-0.776,15730820,-0.887,730820,Tower
2010,Towers & lattice masts of iron/steel,15730820,-0.598,15730820,-0.763,730820,Tower
2011,Towers & lattice masts of iron/steel,15730820,-0.842,15730820,-0.816,730820,Tower
2012,Towers & lattice masts of iron/steel,15730820,-0.601,15730820,-0.5,730820,Tower
2013,Towers & lattice masts of iron/steel,15730820,-0.514,15730820,-0.357,730820,Tower
2014,Towers & lattice masts of iron/steel,15730820,-0.54,15730820,-0.462,730820,Tower
2015,Towers & lattice masts of iron/steel,15730820,-0.869,15730820,-0.865,730820,Tower
2016,Towers & lattice masts of iron/steel,15730820,-0.508,15730820,-0.484,730820,Tower
2017,Towers & lattice masts of iron/steel,15730820,-0.634,15730820,-0.731,730820,Tower
2003,Structures...& parts of structures...of iron/steel (excl. of 7308.10-7308.4 ...,15730890,0.199212,,,730890,Tower
2004,Structures...& parts of structures...of iron/steel (excl. of 7308.10-7308.4 ...,15730890,0.178,,,730890,Tower
2005,Structures...& parts of structures...of iron/steel (excl. of 7308.10-7308.4 ...,15730890,0.226,,,730890,Tower
2006,Structures...& parts of structures...of iron/steel (excl. of 7308.10-7308.4 ...,15730890,0.108,,,730890,Tower
2007,Structures...& parts of structures...of iron/steel (excl. of 7308.10-7308.4 ...,15730890,0.265,,,730890,Tower
2008,Structures...& parts of structures...of iron/steel (excl. of 7308.10-7308.4 ...,15730890,0.131,15730890,0.08022,730890,Tower
2009,Structures...& parts of structures...of iron/steel (excl. of 7308.10-7308.4 ...,15730890,0.014,15730890,-0.095,730890,Tower
2010,Structures...& parts of structures...of iron/steel (excl. of 7308.10-7308.4 ...,15730890,-0.018,15730890,-0.034,730890,Tower
2011,Structures...& parts of structures...of iron/steel (excl. of 7308.10-7308.4 ...,15730890,0.002,15730890,-0.046,730890,Tower
2012,Structures...& parts of structures...of iron/steel (excl. of 7308.10-7308.4 ...,15730890,0.143,15730890,0.208,730890,Tower
2013,Structures...& parts of structures...of iron/steel (excl. of 7308.10-7308.4 ...,15730890,0.272,15730890,0.196,730890,Tower
2014,Structures...& parts of structures...of iron/steel (excl. of 7308.10-7308.4 ...,15730890,0.308,15730890,0.365,730890,Tower
2015,Structures...& parts of structures...of iron/steel (excl. of 7308.10-7308.4 ...,15730890,0.428,15730890,0.46,730890,Tower
2016,Structures...& parts of structures...of iron/steel (excl. of 7308.10-7308.4 ...,15730890,0.296,15730890,0.247,730890,Tower
2017,Structures...& parts of structures...of iron/steel (excl. of 7308.10-7308.4 ...,15730890,0.294,15730890,0.236,730890,Tower
2003,Other articles of iron or steel.,157326,0.911004,,,7326,Forgings
2004,Other articles of iron or steel.,157326,1.105,,,7326,Forgings
2005,Other articles of iron or steel.,157326,0.693,,,7326,Forgings
2006,Other articles of iron or steel.,157326,1.092,,,7326,Forgings
2007,Other articles of iron or steel.,157326,1.176,,,7326,Forgings
2008,Other articles of iron or steel.,157326,0.97,157326,0.851052,7326,Forgings
2009,Other articles of iron or steel.,157326,1.019,157326,0.747,7326,Forgings
2010,Other articles of iron or steel.,157326,0.675,157326,0.889,7326,Forgings
2011,Other articles of iron or steel.,157326,0.919,157326,1.125,7326,Forgings
2012,Other articles of iron or steel.,157326,0.939,157326,1.106,7326,Forgings
2013,Other articles of iron or steel.,157326,1.117,157326,1.1,7326,Forgings
2014,Other articles of iron or steel.,157326,1.072,157326,1.066,7326,Forgings
2015,Other articles of iron or steel.,157326,0.894,157326,0.887,7326,Forgings
2016,Other articles of iron or steel.,157326,0.979,157326,0.844,7326,Forgings
2017,Other articles of iron or steel.,157326,1.055,157326,0.945,7326,Forgings
2003,Parts of the engines & motors of 8412.10-8412.80,16841290,0.843091,,,841290,Blade
2004,Parts of the engines & motors of 8412.10-8412.80,16841290,0.693,,,841290,Blade
2005,Parts of the engines & motors of 8412.10-8412.80,16841290,0.748,,,841290,Blade
2006,Parts of the engines & motors of 8412.10-8412.80,16841290,1.047,,,841290,Blade
2007,Parts of the engines & motors of 8412.10-8412.80,16841290,1.429,,,841290,Blade
2008,Parts of the engines & motors of 8412.10-8412.80,16841290,0.99,16841290,1.06239,841290,Blade
2009,Parts of the engines & motors of 8412.10-8412.80,16841290,1.111,16841290,1.072,841290,Blade
2010,Parts of the engines & motors of 8412.10-8412.80,16841290,1.037,16841290,1.008,841290,Blade
2011,Parts of the engines & motors of 8412.10-8412.80,16841290,1.017,16841290,1.002,841290,Blade
2012,Parts of the engines & motors of 8412.10-8412.80,16841290,1.242,16841290,1.27,841290,Blade
2013,Parts of the engines & motors of 8412.10-8412.80,16841290,1.203,16841290,1.041,841290,Blade
2014,Parts of the engines & motors of 8412.10-8412.80,16841290,0.982,16841290,0.953,841290,Blade
2015,Parts of the engines & motors of 8412.10-8412.80,16841290,0.476,16841290,0.475,841290,Blade
2016,Parts of the engines & motors of 8412.10-8412.80,16841290,0.548,16841290,0.581,841290,Blade
2017,Parts of the engines & motors of 8412.10-8412.80,16841290,0.822,16841290,0.807,841290,Blade
2003,Ball bearings,16848210,0.450834,,,848210,Bearing
2004,Ball bearings,16848210,0.428,,,848210,Bearing
2005,Ball bearings,16848210,0.583,,,848210,Bearing
2006,Ball bearings,16848210,0.891,,,848210,Bearing
2007,Ball bearings,16848210,0.972,,,848210,Bearing
2008,Ball bearings,16848210,0.781,16848210,0.651088,848210,Bearing
2009,Ball bearings,16848210,0.51,16848210,0.401,848210,Bearing
2010,Ball bearings,16848210,0.738,16848210,0.704,848210,Bearing
2011,Ball bearings,16848210,0.592,16848210,0.703,848210,Bearing
2012,Ball bearings,16848210,0.733,16848210,0.648,848210,Bearing
2013,Ball bearings,16848210,0.902,16848210,0.899,848210,Bearing
2014,Ball bearings,16848210,0.757,16848210,0.751,848210,Bearing
2015,Ball bearings,16848210,0.821,16848210,0.815,848210,Bearing
2016,Ball bearings,16848210,0.769,16848210,0.771,848210,Bearing
2017,Ball bearings,16848210,0.717,16848210,0.719,848210,Bearing
2003,"Tapered roller bearings, incl. cone & tapered roller assemblies",16848220,0.763918,,,848220,Bearing
2004,"Tapered roller bearings, incl. cone & tapered roller assemblies",16848220,0.766,,,848220,Bearing
2005,"Tapered roller bearings, incl. cone & tapered roller assemblies",16848220,0.911,,,848220,Bearing
2006,"Tapered roller bearings, incl. cone & tapered roller assemblies",16848220,0.878,,,848220,Bearing
2007,"Tapered roller bearings, incl. cone & tapered roller assemblies",16848220,0.97,,,848220,Bearing
2008,"Tapered roller bearings, incl. cone & tapered roller assemblies",16848220,0.987,16848220,1.01029,848220,Bearing
2009,"Tapered roller bearings, incl. cone & tapered roller assemblies",16848220,0.954,16848220,0.86,848220,Bearing
2010,"Tapered roller bearings, incl. cone & tapered roller assemblies",16848220,1.223,16848220,1.168,848220,Bearing
2011,"Tapered roller bearings, incl. cone & tapered roller assemblies",16848220,1.389,16848220,1.212,848220,Bearing
2012,"Tapered roller bearings, incl. cone & tapered roller assemblies",16848220,1.13,16848220,1.048,848220,Bearing
2013,"Tapered roller bearings, incl. cone & tapered roller assemblies",16848220,1.373,16848220,1.323,848220,Bearing
2014,"Tapered roller bearings, incl. cone & tapered roller assemblies",16848220,1.2,16848220,1.186,848220,Bearing
2015,"Tapered roller bearings, incl. cone & tapered roller assemblies",16848220,1.169,16848220,1.161,848220,Bearing
2016,"Tapered roller bearings, incl. cone & tapered roller assemblies",16848220,0.999,16848220,0.982,848220,Bearing
2017,"Tapered roller bearings, incl. cone & tapered roller assemblies",16848220,1.301,16848220,1.298,848220,Bearing
2003,Spherical roller bearings,16848230,1.3517,,,848230,Bearing
2004,Spherical roller bearings,16848230,1.499,,,848230,Bearing
2005,Spherical roller bearings,16848230,1.545,,,848230,Bearing
2006,Spherical roller bearings,16848230,1.317,,,848230,Bearing
2007,Spherical roller bearings,16848230,1.703,,,848230,Bearing
2008,Spherical roller bearings,16848230,1.393,16848230,1.59142,848230,Bearing
2009,Spherical roller bearings,16848230,1.38,16848230,1.318,848230,Bearing
2010,Spherical roller bearings,16848230,1.756,16848230,1.7,848230,Bearing
2011,Spherical roller bearings,16848230,1.343,16848230,1.666,848230,Bearing
2012,Spherical roller bearings,16848230,1.691,16848230,1.672,848230,Bearing
2013,Spherical roller bearings,16848230,1.683,16848230,1.677,848230,Bearing
2014,Spherical roller bearings,16848230,1.063,16848230,1.044,848230,Bearing
2015,Spherical roller bearings,16848230,1.64,16848230,1.609,848230,Bearing
2016,Spherical roller bearings,16848230,1.045,16848230,1.042,848230,Bearing
2017,Spherical roller bearings,16848230,1.231,16848230,1.245,848230,Bearing
2003,Needle roller bearings,16848240,1.46766,,,848240,Bearing
2004,Needle roller bearings,16848240,1.622,,,848240,Bearing
2005,Needle roller bearings,16848240,1.922,,,848240,Bearing
2006,Needle roller bearings,16848240,1.956,,,848240,Bearing
2007,Needle roller bearings,16848240,1.755,,,848240,Bearing
2008,Needle roller bearings,16848240,1.521,16848240,1.39486,848240,Bearing
2009,Needle roller bearings,16848240,2.274,16848240,1.872,848240,Bearing
2010,Needle roller bearings,16848240,1.604,16848240,1.899,848240,Bearing
2011,Needle roller bearings,16848240,1.809,16848240,1.803,848240,Bearing
2012,Needle roller bearings,16848240,1.85,16848240,1.59,848240,Bearing
2013,Needle roller bearings,16848240,1.804,16848240,1.746,848240,Bearing
2014,Needle roller bearings,16848240,1.778,16848240,1.777,848240,Bearing
2015,Needle roller bearings,16848240,1.818,16848240,1.807,848240,Bearing
2016,Needle roller bearings,16848240,1.878,16848240,1.873,848240,Bearing
2017,Needle roller bearings,16848240,1.855,16848240,1.858,848240,Bearing
2003,Cylindrical roller bearings (excl. of 8482.20-8482.40),16848250,0.738065,,,848250,Bearing
2004,Cylindrical roller bearings (excl. of 8482.20-8482.40),16848250,0.736,,,848250,Bearing
2005,Cylindrical roller bearings (excl. of 8482.20-8482.40),16848250,0.561,,,848250,Bearing
2006,Cylindrical roller bearings (excl. of 8482.20-8482.40),16848250,0.974,,,848250,Bearing
2007,Cylindrical roller bearings (excl. of 8482.20-8482.40),16848250,1.017,,,848250,Bearing
2008,Cylindrical roller bearings (excl. of 8482.20-8482.40),16848250,0.364,16848250,0.481119,848250,Bearing
2009,Cylindrical roller bearings (excl. of 8482.20-8482.40),16848250,1.35,16848250,0.964,848250,Bearing
2010,Cylindrical roller bearings (excl. of 8482.20-8482.40),16848250,0.603,16848250,0.506,848250,Bearing
2011,Cylindrical roller bearings (excl. of 8482.20-8482.40),16848250,0.832,16848250,0.677,848250,Bearing
2012,Cylindrical roller bearings (excl. of 8482.20-8482.40),16848250,0.991,16848250,0.956,848250,Bearing
2013,Cylindrical roller bearings (excl. of 8482.20-8482.40),16848250,0.879,16848250,0.829,848250,Bearing
2014,Cylindrical roller bearings (excl. of 8482.20-8482.40),16848250,0.912,16848250,0.917,848250,Bearing
2015,Cylindrical roller bearings (excl. of 8482.20-8482.40),16848250,0.954,16848250,0.947,848250,Bearing
2016,Cylindrical roller bearings (excl. of 8482.20-8482.40),16848250,1.222,16848250,1.122,848250,Bearing
2017,Cylindrical roller bearings (excl. of 8482.20-8482.40),16848250,1.027,16848250,1.033,848250,Bearing
2003,"Bearings, incl. combined ball/roller bearings (excl. of 8482.10-8482.50)",16848280,0.576322,,,848280,Bearing
2004,"Bearings, incl. combined ball/roller bearings (excl. of 8482.10-8482.50)",16848280,0.692,,,848280,Bearing
2005,"Bearings, incl. combined ball/roller bearings (excl. of 8482.10-8482.50)",16848280,1.282,,,848280,Bearing
2006,"Bearings, incl. combined ball/roller bearings (excl. of 8482.10-8482.50)",16848280,1.167,,,848280,Bearing
2007,"Bearings, incl. combined ball/roller bearings (excl. of 8482.10-8482.50)",16848280,0.655,,,848280,Bearing
2008,"Bearings, incl. combined ball/roller bearings (excl. of 8482.10-8482.50)",16848280,0.637,16848280,0.479115,848280,Bearing
2009,"Bearings, incl. combined ball/roller bearings (excl. of 8482.10-8482.50)",16848280,0.614,16848280,0.58,848280,Bearing
2010,"Bearings, incl. combined ball/roller bearings (excl. of 8482.10-8482.50)",16848280,0.668,16848280,0.647,848280,Bearing
2011,"Bearings, incl. combined ball/roller bearings (excl. of 8482.10-8482.50)",16848280,0.61,16848280,0.533,848280,Bearing
2012,"Bearings, incl. combined ball/roller bearings (excl. of 8482.10-8482.50)",16848280,1.024,16848280,0.873,848280,Bearing
2013,"Bearings, incl. combined ball/roller bearings (excl. of 8482.10-8482.50)",16848280,0.734,16848280,0.475,848280,Bearing
2014,"Bearings, incl. combined ball/roller bearings (excl. of 8482.10-8482.50)",16848280,1.224,16848280,1.065,848280,Bearing
2015,"Bearings, incl. combined ball/roller bearings (excl. of 8482.10-8482.50)",16848280,0.564,16848280,0.409,848280,Bearing
2016,"Bearings, incl. combined ball/roller bearings (excl. of 8482.10-8482.50)",16848280,1.134,16848280,1.129,848280,Bearing
2017,"Bearings, incl. combined ball/roller bearings (excl. of 8482.10-8482.50)",16848280,0.938,16848280,0.928,848280,Bearing
2003,"Parts, other than balls, needles & rollers, for the bearings of 8482.10-848 ...",16848299,0.934749,,,848299,Bearing
2004,"Parts, other than balls, needles & rollers, for the bearings of 8482.10-848 ...",16848299,0.82,,,848299,Bearing
2005,"Parts, other than balls, needles & rollers, for the bearings of 8482.10-848 ...",16848299,0.98,,,848299,Bearing
2006,"Parts, other than balls, needles & rollers, for the bearings of 8482.10-848 ...",16848299,1.059,,,848299,Bearing
2007,"Parts, other than balls, needles & rollers, for the bearings of 8482.10-848 ...",16848299,1.188,,,848299,Bearing
2008,"Parts, other than balls, needles & rollers, for the bearings of 8482.10-848 ...",16848299,1.036,16848299,0.916851,848299,Bearing
2009,"Parts, other than balls, needles & rollers, for the bearings of 8482.10-848 ...",16848299,0.889,16848299,0.812,848299,Bearing
2010,"Parts, other than balls, needles & rollers, for the bearings of 8482.10-848 ...",16848299,0.81,16848299,0.655,848299,Bearing
2011,"Parts, other than balls, needles & rollers, for the bearings of 8482.10-848 ...",16848299,0.889,16848299,0.892,848299,Bearing
2012,"Parts, other than balls, needles & rollers, for the bearings of 8482.10-848 ...",16848299,0.823,16848299,0.799,848299,Bearing
2013,"Parts, other than balls, needles & rollers, for the bearings of 8482.10-848 ...",16848299,0.802,16848299,0.77,848299,Bearing
2014,"Parts, other than balls, needles & rollers, for the bearings of 8482.10-848 ...",16848299,0.869,16848299,0.857,848299,Bearing
2015,"Parts, other than balls, needles & rollers, for the bearings of 8482.10-848 ...",16848299,0.827,16848299,0.828,848299,Bearing
2016,"Parts, other than balls, needles & rollers, for the bearings of 8482.10-848 ...",16848299,0.934,16848299,0.946,848299,Bearing
2017,"Parts, other than balls, needles & rollers, for the bearings of 8482.10-848 ...",16848299,0.839,16848299,0.846,848299,Bearing
2003,"Bearing housings, incorp. ball/roller bearings",16848320,1.33383,,,848320,Bearing
2004,"Bearing housings, incorp. ball/roller bearings",16848320,1.494,,,848320,Bearing
2005,"Bearing housings, incorp. ball/roller bearings",16848320,1.248,,,848320,Bearing
2006,"Bearing housings, incorp. ball/roller bearings",16848320,1.434,,,848320,Bearing
2007,"Bearing housings, incorp. ball/roller bearings",16848320,1.191,,,848320,Bearing
2008,"Bearing housings, incorp. ball/roller bearings",16848320,1.067,16848320,1.18464,848320,Bearing
2009,"Bearing housings, incorp. ball/roller bearings",16848320,1.499,16848320,1.636,848320,Bearing
2010,"Bearing housings, incorp. ball/roller bearings",16848320,1.434,16848320,1.381,848320,Bearing
2011,"Bearing housings, incorp. ball/roller bearings",16848320,1.208,16848320,1.183,848320,Bearing
2012,"Bearing housings, incorp. ball/roller bearings",16848320,1.231,16848320,1.28,848320,Bearing
2013,"Bearing housings, incorp. ball/roller bearings",16848320,1.143,16848320,1.406,848320,Bearing
2014,"Bearing housings, incorp. ball/roller bearings",16848320,1.401,16848320,1.38,848320,Bearing
2015,"Bearing housings, incorp. ball/roller bearings",16848320,1.34,16848320,1.329,848320,Bearing
2016,"Bearing housings, incorp. ball/roller bearings",16848320,1.141,16848320,1.144,848320,Bearing
2017,"Bearing housings, incorp. ball/roller bearings",16848320,1.108,16848320,1.112,848320,Bearing
2003,"Bearing housings, not incorp. ball/roller bearings; plain shaft bearings",16848330,1.64268,,,848330,Bearing
2004,"Bearing housings, not incorp. ball/roller bearings; plain shaft bearings",16848330,1.732,,,848330,Bearing
2005,"Bearing housings, not incorp. ball/roller bearings; plain shaft bearings",16848330,1.397,,,848330,Bearing
2006,"Bearing housings, not incorp. ball/roller bearings; plain shaft bearings",16848330,1.518,,,848330,Bearing
2007,"Bearing housings, not incorp. ball/roller bearings; plain shaft bearings",16848330,1.514,,,848330,Bearing
2008,"Bearing housings, not incorp. ball/roller bearings; plain shaft bearings",16848330,1.283,16848330,1.1654,848330,Bearing
2009,"Bearing housings, not incorp. ball/roller bearings; plain shaft bearings",16848330,0.992,16848330,0.878,848330,Bearing
2010,"Bearing housings, not incorp. ball/roller bearings; plain shaft bearings",16848330,1.138,16848330,1.075,848330,Bearing
2011,"Bearing housings, not incorp. ball/roller bearings; plain shaft bearings",16848330,1.581,16848330,1.559,848330,Bearing
2012,"Bearing housings, not incorp. ball/roller bearings; plain shaft bearings",16848330,1.554,16848330,1.496,848330,Bearing
2013,"Bearing housings, not incorp. ball/roller bearings; plain shaft bearings",16848330,1.547,16848330,1.487,848330,Bearing
2014,"Bearing housings, not incorp. ball/roller bearings; plain shaft bearings",16848330,1.455,16848330,1.46,848330,Bearing
2015,"Bearing housings, not incorp. ball/roller bearings; plain shaft bearings",16848330,1.36,16848330,1.337,848330,Bearing
2016,"Bearing housings, not incorp. ball/roller bearings; plain shaft bearings",16848330,1.271,16848330,1.388,848330,Bearing
2017,"Bearing housings, not incorp. ball/roller bearings; plain shaft bearings",16848330,1.17,16848330,1.415,848330,Bearing
2003,"Gears&gearing(excl. toothed wheels, chain sprockets&oth. transmission eleme ...",16848340,1.95543,,,848340,Gearbox
2004,"Gears&gearing(excl. toothed wheels, chain sprockets&oth. transmission eleme ...",16848340,2.054,,,848340,Gearbox
2005,"Gears&gearing(excl. toothed wheels, chain sprockets&oth. transmission eleme ...",16848340,1.97,,,848340,Gearbox
2006,"Gears&gearing(excl. toothed wheels, chain sprockets&oth. transmission eleme ...",16848340,1.517,,,848340,Gearbox
2007,"Gears&gearing(excl. toothed wheels, chain sprockets&oth. transmission eleme ...",16848340,2.064,,,848340,Gearbox
2008,"Gears&gearing(excl. toothed wheels, chain sprockets&oth. transmission eleme ...",16848340,1.967,16848340,1.53085,848340,Gearbox
2009,"Gears&gearing(excl. toothed wheels, chain sprockets&oth. transmission eleme ...",16848340,1.487,16848340,1.373,848340,Gearbox
2010,"Gears&gearing(excl. toothed wheels, chain sprockets&oth. transmission eleme ...",16848340,1.795,16848340,1.732,848340,Gearbox
2011,"Gears&gearing(excl. toothed wheels, chain sprockets&oth. transmission eleme ...",16848340,1.974,16848340,1.941,848340,Gearbox
2012,"Gears&gearing(excl. toothed wheels, chain sprockets&oth. transmission eleme ...",16848340,1.874,16848340,1.814,848340,Gearbox
2013,"Gears&gearing(excl. toothed wheels, chain sprockets&oth. transmission eleme ...",16848340,1.607,16848340,1.28,848340,Gearbox
2014,"Gears&gearing(excl. toothed wheels, chain sprockets&oth. transmission eleme ...",16848340,1.805,16848340,1.726,848340,Gearbox
2015,"Gears&gearing(excl. toothed wheels, chain sprockets&oth. transmission eleme ...",16848340,1.914,16848340,1.886,848340,Gearbox
2016,"Gears&gearing(excl. toothed wheels, chain sprockets&oth. transmission eleme ...",16848340,1.661,16848340,1.643,848340,Gearbox
2017,"Gears&gearing(excl. toothed wheels, chain sprockets&oth. transmission eleme ...",16848340,1.632,16848340,1.619,848340,Gearbox
2003,"Flywheels & pulleys, incl. pulley blocks",16848350,1.29461,,,848350,Gearbox
2004,"Flywheels & pulleys, incl. pulley blocks",16848350,1.162,,,848350,Gearbox
2005,"Flywheels & pulleys, incl. pulley blocks",16848350,1.544,,,848350,Gearbox
2006,"Flywheels & pulleys, incl. pulley blocks",16848350,1.464,,,848350,Gearbox
2007,"Flywheels & pulleys, incl. pulley blocks",16848350,1.666,,,848350,Gearbox
2008,"Flywheels & pulleys, incl. pulley blocks",16848350,1.394,16848350,1.2225,848350,Gearbox
2009,"Flywheels & pulleys, incl. pulley blocks",16848350,1.038,16848350,0.948,848350,Gearbox
2010,"Flywheels & pulleys, incl. pulley blocks",16848350,1.221,16848350,1.168,848350,Gearbox
2011,"Flywheels & pulleys, incl. pulley blocks",16848350,1.001,16848350,0.991,848350,Gearbox
2012,"Flywheels & pulleys, incl. pulley blocks",16848350,1.108,16848350,1.063,848350,Gearbox
2013,"Flywheels & pulleys, incl. pulley blocks",16848350,0.991,16848350,0.966,848350,Gearbox
2014,"Flywheels & pulleys, incl. pulley blocks",16848350,1.129,16848350,1.113,848350,Gearbox
2015,"Flywheels & pulleys, incl. pulley blocks",16848350,1.45,16848350,1.44,848350,Gearbox
2016,"Flywheels & pulleys, incl. pulley blocks",16848350,1.561,16848350,1.554,848350,Gearbox
2017,"Flywheels & pulleys, incl. pulley blocks",16848350,1.505,16848350,1.498,848350,Gearbox
2003,Clutches & shaft couplings (incl. universal joints),16848360,2.15583,,,848360,Gearbox
2004,Clutches & shaft couplings (incl. universal joints),16848360,1.958,,,848360,Gearbox
2005,Clutches & shaft couplings (incl. universal joints),16848360,1.695,,,848360,Gearbox
2006,Clutches & shaft couplings (incl. universal joints),16848360,1.322,,,848360,Gearbox
2007,Clutches & shaft couplings (incl. universal joints),16848360,1.53,,,848360,Gearbox
2008,Clutches & shaft couplings (incl. universal joints),16848360,1.97,16848360,1.69808,848360,Gearbox
2009,Clutches & shaft couplings (incl. universal joints),16848360,1.874,16848360,1.907,848360,Gearbox
2010,Clutches & shaft couplings (incl. universal joints),16848360,1.915,16848360,1.844,848360,Gearbox
2011,Clutches & shaft couplings (incl. universal joints),16848360,1.665,16848360,1.445,848360,Gearbox
2012,Clutches & shaft couplings (incl. universal joints),16848360,1.573,16848360,1.513,848360,Gearbox
2013,Clutches & shaft couplings (incl. universal joints),16848360,1.362,16848360,1.341,848360,Gearbox
2014,Clutches & shaft couplings (incl. universal joints),16848360,1.821,16848360,1.799,848360,Gearbox
2015,Clutches & shaft couplings (incl. universal joints),16848360,1.817,16848360,1.8,848360,Gearbox
2016,Clutches & shaft couplings (incl. universal joints),16848360,1.555,16848360,1.557,848360,Gearbox
2017,Clutches & shaft couplings (incl. universal joints),16848360,1.535,16848360,1.535,848360,Gearbox
2003,"Toothed wheels, chain sprockets & oth. transmission elements presented sep. ...",16848390,1.20158,,,848390,Gearbox
2004,"Toothed wheels, chain sprockets & oth. transmission elements presented sep. ...",16848390,1.439,,,848390,Gearbox
2005,"Toothed wheels, chain sprockets & oth. transmission elements presented sep. ...",16848390,1.314,,,848390,Gearbox
2006,"Toothed wheels, chain sprockets & oth. transmission elements presented sep. ...",16848390,1.249,,,848390,Gearbox
2007,"Toothed wheels, chain sprockets & oth. transmission elements presented sep. ...",16848390,1.559,,,848390,Gearbox
2008,"Toothed wheels, chain sprockets & oth. transmission elements presented sep. ...",16848390,1.588,16848390,1.42387,848390,Gearbox
2009,"Toothed wheels, chain sprockets & oth. transmission elements presented sep. ...",16848390,1.488,16848390,1.224,848390,Gearbox
2010,"Toothed wheels, chain sprockets & oth. transmission elements presented sep. ...",16848390,1.641,16848390,1.273,848390,Gearbox
2011,"Toothed wheels, chain sprockets & oth. transmission elements presented sep. ...",16848390,1.408,16848390,1.402,848390,Gearbox
2012,"Toothed wheels, chain sprockets & oth. transmission elements presented sep. ...",16848390,1.579,16848390,1.473,848390,Gearbox
2013,"Toothed wheels, chain sprockets & oth. transmission elements presented sep. ...",16848390,1.666,16848390,1.632,848390,Gearbox
2014,"Toothed wheels, chain sprockets & oth. transmission elements presented sep. ...",16848390,1.657,16848390,1.638,848390,Gearbox
2015,"Toothed wheels, chain sprockets & oth. transmission elements presented sep. ...",16848390,1.552,16848390,1.545,848390,Gearbox
2016,"Toothed wheels, chain sprockets & oth. transmission elements presented sep. ...",16848390,1.676,16848390,1.677,848390,Gearbox
2017,"Toothed wheels, chain sprockets & oth. transmission elements presented sep. ...",16848390,1.603,16848390,1.608,848390,Gearbox
2003,"AC generators (alternators), of an output not >75kVA",16850161,0.162473,,,850161,Generator
2004,"AC generators (alternators), of an output not >75kVA",16850161,0.074,,,850161,Generator
2005,"AC generators (alternators), of an output not >75kVA",16850161,-0.1,,,850161,Generator
2006,"AC generators (alternators), of an output not >75kVA",16850161,-0.298,,,850161,Generator
2007,"AC generators (alternators), of an output not >75kVA",16850161,-0.4,,,850161,Generator
2008,"AC generators (alternators), of an output not >75kVA",16850161,-0.389,16850161,-0.171445,850161,Generator
2009,"AC generators (alternators), of an output not >75kVA",16850161,-0.702,16850161,-0.485,850161,Generator
2010,"AC generators (alternators), of an output not >75kVA",16850161,-0.299,16850161,-0.374,850161,Generator
2011,"AC generators (alternators), of an output not >75kVA",16850161,-0.772,16850161,-0.677,850161,Generator
2012,"AC generators (alternators), of an output not >75kVA",16850161,-0.133,16850161,-0.403,850161,Generator
2013,"AC generators (alternators), of an output not >75kVA",16850161,-0.834,16850161,-0.766,850161,Generator
2014,"AC generators (alternators), of an output not >75kVA",16850161,-0.295,16850161,-0.313,850161,Generator
2015,"AC generators (alternators), of an output not >75kVA",16850161,-0.119,16850161,-0.128,850161,Generator
2016,"AC generators (alternators), of an output not >75kVA",16850161,0.345,16850161,0.353,850161,Generator
2017,"AC generators (alternators), of an output not >75kVA",16850161,-0.363,16850161,-0.298,850161,Generator
2003,"AC generators (alternators), of an output >75kVA but not >375kVA",16850162,-0.0218292,,,850162,Generator
2004,"AC generators (alternators), of an output >75kVA but not >375kVA",16850162,0.384,,,850162,Generator
2005,"AC generators (alternators), of an output >75kVA but not >375kVA",16850162,-0.064,,,850162,Generator
2006,"AC generators (alternators), of an output >75kVA but not >375kVA",16850162,0.012,,,850162,Generator
2007,"AC generators (alternators), of an output >75kVA but not >375kVA",16850162,0.005,,,850162,Generator
2008,"AC generators (alternators), of an output >75kVA but not >375kVA",16850162,-0.387,16850162,-0.122702,850162,Generator
2009,"AC generators (alternators), of an output >75kVA but not >375kVA",16850162,-0.436,16850162,-0.413,850162,Generator
2010,"AC generators (alternators), of an output >75kVA but not >375kVA",16850162,-0.079,16850162,-0.106,850162,Generator
2011,"AC generators (alternators), of an output >75kVA but not >375kVA",16850162,0.041,16850162,0.098,850162,Generator
2012,"AC generators (alternators), of an output >75kVA but not >375kVA",16850162,-0.302,16850162,-0.35,850162,Generator
2013,"AC generators (alternators), of an output >75kVA but not >375kVA",16850162,-0.547,16850162,-0.658,850162,Generator
2014,"AC generators (alternators), of an output >75kVA but not >375kVA",16850162,-0.114,16850162,-0.125,850162,Generator
2015,"AC generators (alternators), of an output >75kVA but not >375kVA",16850162,0.099,16850162,0.082,850162,Generator
2016,"AC generators (alternators), of an output >75kVA but not >375kVA",16850162,0.682,16850162,0.674,850162,Generator
2017,"AC generators (alternators), of an output >75kVA but not >375kVA",16850162,0.358,16850162,0.345,850162,Generator
2003,"AC generators (alternators), of an output >375kVA but not >750kVA",16850163,0.885702,,,850163,Generator
2004,"AC generators (alternators), of an output >375kVA but not >750kVA",16850163,0.477,,,850163,Generator
2005,"AC generators (alternators), of an output >375kVA but not >750kVA",16850163,0.126,,,850163,Generator
2006,"AC generators (alternators), of an output >375kVA but not >750kVA",16850163,-0.059,,,850163,Generator
2007,"AC generators (alternators), of an output >375kVA but not >750kVA",16850163,0.726,,,850163,Generator
2008,"AC generators (alternators), of an output >375kVA but not >750kVA",16850163,0.765,16850163,0.625749,850163,Generator
2009,"AC generators (alternators), of an output >375kVA but not >750kVA",16850163,0.237,16850163,0.308,850163,Generator
2010,"AC generators (alternators), of an output >375kVA but not >750kVA",16850163,0.06,16850163,0.414,850163,Generator
2011,"AC generators (alternators), of an output >375kVA but not >750kVA",16850163,0.45,16850163,0.38,850163,Generator
2012,"AC generators (alternators), of an output >375kVA but not >750kVA",16850163,0.139,16850163,0.359,850163,Generator
2013,"AC generators (alternators), of an output >375kVA but not >750kVA",16850163,0.285,16850163,0.419,850163,Generator
2014,"AC generators (alternators), of an output >375kVA but not >750kVA",16850163,0.631,16850163,0.611,850163,Generator
2015,"AC generators (alternators), of an output >375kVA but not >750kVA",16850163,0.364,16850163,0.354,850163,Generator
2016,"AC generators (alternators), of an output >375kVA but not >750kVA",16850163,0.263,16850163,0.28,850163,Generator
2017,"AC generators (alternators), of an output >375kVA but not >750kVA",16850163,0.319,16850163,0.321,850163,Generator
2003,"AC generators (alternators), of an output >750kVA",16850164,0.800325,,,850164,Generator
2004,"AC generators (alternators), of an output >750kVA",16850164,0.661,,,850164,Generator
2005,"AC generators (alternators), of an output >750kVA",16850164,0.909,,,850164,Generator
2006,"AC generators (alternators), of an output >750kVA",16850164,0.81,,,850164,Generator
2007,"AC generators (alternators), of an output >750kVA",16850164,0.859,,,850164,Generator
2008,"AC generators (alternators), of an output >750kVA",16850164,1.034,16850164,0.946868,850164,Generator
2009,"AC generators (alternators), of an output >750kVA",16850164,0.902,16850164,0.828,850164,Generator
2010,"AC generators (alternators), of an output >750kVA",16850164,0.88,16850164,0.787,850164,Generator
2011,"AC generators (alternators), of an output >750kVA",16850164,0.958,16850164,0.704,850164,Generator
2012,"AC generators (alternators), of an output >750kVA",16850164,0.985,16850164,1.019,850164,Generator
2013,"AC generators (alternators), of an output >750kVA",16850164,0.704,16850164,0.522,850164,Generator
2014,"AC generators (alternators), of an output >750kVA",16850164,0.603,16850164,0.58,850164,Generator
2015,"AC generators (alternators), of an output >750kVA",16850164,0.747,16850164,0.679,850164,Generator
2016,"AC generators (alternators), of an output >750kVA",16850164,0.87,16850164,0.938,850164,Generator
2017,"AC generators (alternators), of an output >750kVA",16850164,0.583,16850164,0.512,850164,Generator
2003,Wind-powered elec. generating sets,16850231,0.987893,,,850231,Generator
2004,Wind-powered elec. generating sets,16850231,0.489,,,850231,Generator
2005,Wind-powered elec. generating sets,16850231,0.35,,,850231,Generator
2006,Wind-powered elec. generating sets,16850231,0.261,,,850231,Generator
2007,Wind-powered elec. generating sets,16850231,0.439,,,850231,Generator
2008,Wind-powered elec. generating sets,16850231,0.417,16850231,0.311245,850231,Generator
2009,Wind-powered elec. generating sets,16850231,0.654,16850231,0.39,850231,Generator
2010,Wind-powered elec. generating sets,16850231,-0.368,16850231,-0.192,850231,Generator
2011,Wind-powered elec. generating sets,16850231,0.353,16850231,0.12,850231,Generator
2012,Wind-powered elec. generating sets,16850231,-0.014,16850231,-0.054,850231,Generator
2013,Wind-powered elec. generating sets,16850231,0.239,16850231,0.236,850231,Generator
2014,Wind-powered elec. generating sets,16850231,0.384,16850231,0.361,850231,Generator
2015,Wind-powered elec. generating sets,16850231,0.332,16850231,0.331,850231,Generator
2016,Wind-powered elec. generating sets,16850231,0.524,16850231,0.526,850231,Generator
2017,Wind-powered elec. generating sets,16850231,0.453,16850231,0.436,850231,Generator
2003,Parts suit. for use solely/princ. with the machines of 85.01/85.02,16850300,0.367838,,,850300,Nacelle
2004,Parts suit. for use solely/princ. with the machines of 85.01/85.02,16850300,0.511,,,850300,Nacelle
2005,Parts suit. for use solely/princ. with the machines of 85.01/85.02,16850300,0.59,,,850300,Nacelle
2006,Parts suit. for use solely/princ. with the machines of 85.01/85.02,16850300,0.832,,,850300,Nacelle
2007,Parts suit. for use solely/princ. with the machines of 85.01/85.02,16850300,0.957,,,850300,Nacelle
2008,Parts suit. for use solely/princ. with the machines of 85.01/85.02,16850300,1.047,16850300,0.706157,850300,Nacelle
2009,Parts suit. for use solely/princ. with the machines of 85.01/85.02,16850300,1.037,16850300,0.999,850300,Nacelle
2010,Parts suit. for use solely/princ. with the machines of 85.01/85.02,16850300,0.591,16850300,0.497,850300,Nacelle
2011,Parts suit. for use solely/princ. with the machines of 85.01/85.02,16850300,0.609,16850300,0.446,850300,Nacelle
2012,Parts suit. for use solely/princ. with the machines of 85.01/85.02,16850300,0.567,16850300,0.507,850300,Nacelle
2013,Parts suit. for use solely/princ. with the machines of 85.01/85.02,16850300,0.66,16850300,0.636,850300,Nacelle
2014,Parts suit. for use solely/princ. with the machines of 85.01/85.02,16850300,0.408,16850300,0.393,850300,Nacelle
2015,Parts suit. for use solely/princ. with the machines of 85.01/85.02,16850300,0.291,16850300,0.281,850300,Nacelle
2016,Parts suit. for use solely/princ. with the machines of 85.01/85.02,16850300,0.598,16850300,0.595,850300,Nacelle
2017,Parts suit. for use solely/princ. with the machines of 85.01/85.02,16850300,0.434,16850300,0.435,850300,Nacelle
2003,Liquid dielectric transformers having a power handling cap. not >650kVA,16850421,-0.254733,,,850421,Power.Converter
2004,Liquid dielectric transformers having a power handling cap. not >650kVA,16850421,-0.283,,,850421,Power.Converter
2005,Liquid dielectric transformers having a power handling cap. not >650kVA,16850421,-0.187,,,850421,Power.Converter
2006,Liquid dielectric transformers having a power handling cap. not >650kVA,16850421,-0.395,,,850421,Power.Converter
2007,Liquid dielectric transformers having a power handling cap. not >650kVA,16850421,-0.033,,,850421,Power.Converter
2008,Liquid dielectric transformers having a power handling cap. not >650kVA,16850421,-0.072,16850421,0.0674639,850421,Power.Converter
2009,Liquid dielectric transformers having a power handling cap. not >650kVA,16850421,-0.462,16850421,-0.392,850421,Power.Converter
2010,Liquid dielectric transformers having a power handling cap. not >650kVA,16850421,-0.156,16850421,-0.104,850421,Power.Converter
2011,Liquid dielectric transformers having a power handling cap. not >650kVA,16850421,0.008,16850421,0.056,850421,Power.Converter
2012,Liquid dielectric transformers having a power handling cap. not >650kVA,16850421,-0.392,16850421,-0.454,850421,Power.Converter
2013,Liquid dielectric transformers having a power handling cap. not >650kVA,16850421,-0.207,16850421,-0.162,850421,Power.Converter
2014,Liquid dielectric transformers having a power handling cap. not >650kVA,16850421,-0.323,16850421,-0.281,850421,Power.Converter
2015,Liquid dielectric transformers having a power handling cap. not >650kVA,16850421,-0.487,16850421,-0.488,850421,Power.Converter
2016,Liquid dielectric transformers having a power handling cap. not >650kVA,16850421,-0.524,16850421,-0.512,850421,Power.Converter
2017,Liquid dielectric transformers having a power handling cap. not >650kVA,16850421,-0.636,16850421,-0.631,850421,Power.Converter
2003,Liquid dielectric transformers having a power handling cap. >650kVA but not ...,16850422,-0.265088,,,850422,Power.Converter
2004,Liquid dielectric transformers having a power handling cap. >650kVA but not ...,16850422,-0.773,,,850422,Power.Converter
2005,Liquid dielectric transformers having a power handling cap. >650kVA but not ...,16850422,-0.341,,,850422,Power.Converter
2006,Liquid dielectric transformers having a power handling cap. >650kVA but not ...,16850422,-0.233,,,850422,Power.Converter
2007,Liquid dielectric transformers having a power handling cap. >650kVA but not ...,16850422,-0.245,,,850422,Power.Converter
2008,Liquid dielectric transformers having a power handling cap. >650kVA but not ...,16850422,-0.298,16850422,-0.258262,850422,Power.Converter
2009,Liquid dielectric transformers having a power handling cap. >650kVA but not ...,16850422,-0.447,16850422,-0.364,850422,Power.Converter
2010,Liquid dielectric transformers having a power handling cap. >650kVA but not ...,16850422,-0.531,16850422,-0.358,850422,Power.Converter
2011,Liquid dielectric transformers having a power handling cap. >650kVA but not ...,16850422,-0.188,16850422,-0.078,850422,Power.Converter
2012,Liquid dielectric transformers having a power handling cap. >650kVA but not ...,16850422,-0.159,16850422,-0.192,850422,Power.Converter
2013,Liquid dielectric transformers having a power handling cap. >650kVA but not ...,16850422,0.208,16850422,0.153,850422,Power.Converter
2014,Liquid dielectric transformers having a power handling cap. >650kVA but not ...,16850422,0.001,16850422,0.07,850422,Power.Converter
2015,Liquid dielectric transformers having a power handling cap. >650kVA but not ...,16850422,-0.117,16850422,-0.121,850422,Power.Converter
2016,Liquid dielectric transformers having a power handling cap. >650kVA but not ...,16850422,0.096,16850422,0.096,850422,Power.Converter
2017,Liquid dielectric transformers having a power handling cap. >650kVA but not ...,16850422,-0.099,16850422,-0.096,850422,Power.Converter
2003,Electrical transformers (excl. dielectric) having a power handling cap. not ...,16850431,-0.981166,,,850431,Power.Converter
2004,Electrical transformers (excl. dielectric) having a power handling cap. not ...,16850431,-1.184,,,850431,Power.Converter
2005,Electrical transformers (excl. dielectric) having a power handling cap. not ...,16850431,-0.894,,,850431,Power.Converter
2006,Electrical transformers (excl. dielectric) having a power handling cap. not ...,16850431,-0.837,,,850431,Power.Converter
2007,Electrical transformers (excl. dielectric) having a power handling cap. not ...,16850431,-0.707,,,850431,Power.Converter
2008,Electrical transformers (excl. dielectric) having a power handling cap. not ...,16850431,-0.474,16850431,-0.691304,850431,Power.Converter
2009,Electrical transformers (excl. dielectric) having a power handling cap. not ...,16850431,-0.607,16850431,-0.732,850431,Power.Converter
2010,Electrical transformers (excl. dielectric) having a power handling cap. not ...,16850431,-0.696,16850431,-0.735,850431,Power.Converter
2011,Electrical transformers (excl. dielectric) having a power handling cap. not ...,16850431,-0.749,16850431,-0.768,850431,Power.Converter
2012,Electrical transformers (excl. dielectric) having a power handling cap. not ...,16850431,-0.639,16850431,-0.664,850431,Power.Converter
2013,Electrical transformers (excl. dielectric) having a power handling cap. not ...,16850431,-0.815,16850431,-0.762,850431,Power.Converter
2014,Electrical transformers (excl. dielectric) having a power handling cap. not ...,16850431,-0.732,16850431,-0.749,850431,Power.Converter
2015,Electrical transformers (excl. dielectric) having a power handling cap. not ...,16850431,-0.995,16850431,-0.981,850431,Power.Converter
2016,Electrical transformers (excl. dielectric) having a power handling cap. not ...,16850431,-0.728,16850431,-0.731,850431,Power.Converter
2017,Electrical transformers (excl. dielectric) having a power handling cap. not ...,16850431,-0.717,16850431,-0.715,850431,Power.Converter
2003,Electrical transformers (excl. dielectric) having a power handling cap. >1k ...,16850432,-0.512407,,,850432,Power.Converter
2004,Electrical transformers (excl. dielectric) having a power handling cap. >1k ...,16850432,-0.399,,,850432,Power.Converter
2005,Electrical transformers (excl. dielectric) having a power handling cap. >1k ...,16850432,-0.225,,,850432,Power.Converter
2006,Electrical transformers (excl. dielectric) having a power handling cap. >1k ...,16850432,-0.038,,,850432,Power.Converter
2007,Electrical transformers (excl. dielectric) having a power handling cap. >1k ...,16850432,-0.142,,,850432,Power.Converter
2008,Electrical transformers (excl. dielectric) having a power handling cap. >1k ...,16850432,0.056,16850432,0.134397,850432,Power.Converter
2009,Electrical transformers (excl. dielectric) having a power handling cap. >1k ...,16850432,0.085,16850432,-0.026,850432,Power.Converter
2010,Electrical transformers (excl. dielectric) having a power handling cap. >1k ...,16850432,-0.179,16850432,-0.292,850432,Power.Converter
2011,Electrical transformers (excl. dielectric) having a power handling cap. >1k ...,16850432,-0.094,16850432,-0.141,850432,Power.Converter
2012,Electrical transformers (excl. dielectric) having a power handling cap. >1k ...,16850432,-0.189,16850432,-0.292,850432,Power.Converter
2013,Electrical transformers (excl. dielectric) having a power handling cap. >1k ...,16850432,-0.067,16850432,0.028,850432,Power.Converter
2014,Electrical transformers (excl. dielectric) having a power handling cap. >1k ...,16850432,-0.245,16850432,-0.265,850432,Power.Converter
2015,Electrical transformers (excl. dielectric) having a power handling cap. >1k ...,16850432,-0.192,16850432,-0.071,850432,Power.Converter
2016,Electrical transformers (excl. dielectric) having a power handling cap. >1k ...,16850432,-0.066,16850432,-0.038,850432,Power.Converter
2017,Electrical transformers (excl. dielectric) having a power handling cap. >1k ...,16850432,0.046,16850432,0.031,850432,Power.Converter
2003,Electrical transformers (excl. dielectric) having a power handling cap. >16 ...,16850433,0.0787869,,,850433,Power.Converter
2004,Electrical transformers (excl. dielectric) having a power handling cap. >16 ...,16850433,0.137,,,850433,Power.Converter
2005,Electrical transformers (excl. dielectric) having a power handling cap. >16 ...,16850433,-0.352,,,850433,Power.Converter
2006,Electrical transformers (excl. dielectric) having a power handling cap. >16 ...,16850433,-0.215,,,850433,Power.Converter
2007,Electrical transformers (excl. dielectric) having a power handling cap. >16 ...,16850433,-0.424,,,850433,Power.Converter
2008,Electrical transformers (excl. dielectric) having a power handling cap. >16 ...,16850433,-0.291,16850433,-0.258244,850433,Power.Converter
2009,Electrical transformers (excl. dielectric) having a power handling cap. >16 ...,16850433,0.005,16850433,-0.106,850433,Power.Converter
2010,Electrical transformers (excl. dielectric) having a power handling cap. >16 ...,16850433,-0.247,16850433,-0.306,850433,Power.Converter
2011,Electrical transformers (excl. dielectric) having a power handling cap. >16 ...,16850433,-0.009,16850433,0.011,850433,Power.Converter
2012,Electrical transformers (excl. dielectric) having a power handling cap. >16 ...,16850433,-0.034,16850433,-0.167,850433,Power.Converter
2013,Electrical transformers (excl. dielectric) having a power handling cap. >16 ...,16850433,-0.01,16850433,-0.215,850433,Power.Converter
2014,Electrical transformers (excl. dielectric) having a power handling cap. >16 ...,16850433,0.06,16850433,-0.143,850433,Power.Converter
2015,Electrical transformers (excl. dielectric) having a power handling cap. >16 ...,16850433,0.078,16850433,0.069,850433,Power.Converter
2016,Electrical transformers (excl. dielectric) having a power handling cap. >16 ...,16850433,-0.021,16850433,0.08,850433,Power.Converter
2017,Electrical transformers (excl. dielectric) having a power handling cap. >16 ...,16850433,0.135,16850433,0.129,850433,Power.Converter
2003,Static converters,16850440,-0.296708,,,850440,Power.Converter
2004,Static converters,16850440,-0.164,,,850440,Power.Converter
2005,Static converters,16850440,-0.035,,,850440,Power.Converter
2006,Static converters,16850440,0.149,,,850440,Power.Converter
2007,Static converters,16850440,0.163,,,850440,Power.Converter
2008,Static converters,16850440,0.306,16850440,0.165476,850440,Power.Converter
2009,Static converters,16850440,0.01,16850440,-0.021,850440,Power.Converter
2010,Static converters,16850440,0.401,16850440,0.408,850440,Power.Converter
2011,Static converters,16850440,0.779,16850440,0.765,850440,Power.Converter
2012,Static converters,16850440,1.209,16850440,1.174,850440,Power.Converter
2013,Static converters,16850440,1.057,16850440,1.057,850440,Power.Converter
2014,Static converters,16850440,0.829,16850440,0.827,850440,Power.Converter
2015,Static converters,16850440,0.908,16850440,0.872,850440,Power.Converter
2016,Static converters,16850440,1.015,16850440,0.987,850440,Power.Converter
2017,Static converters,16850440,0.943,16850440,0.927,850440,Power.Converter
2003,Parts of the machines of 85.04,16850490,-0.232675,,,850490,Power.Converter
2004,Parts of the machines of 85.04,16850490,0.264,,,850490,Power.Converter
2005,Parts of the machines of 85.04,16850490,0.38,,,850490,Power.Converter
2006,Parts of the machines of 85.04,16850490,0.497,,,850490,Power.Converter
2007,Parts of the machines of 85.04,16850490,0.602,,,850490,Power.Converter
2008,Parts of the machines of 85.04,16850490,0.618,16850490,0.464408,850490,Power.Converter
2009,Parts of the machines of 85.04,16850490,0.677,16850490,0.573,850490,Power.Converter
2010,Parts of the machines of 85.04,16850490,0.712,16850490,0.739,850490,Power.Converter
2011,Parts of the machines of 85.04,16850490,0.667,16850490,0.8,850490,Power.Converter
2012,Parts of the machines of 85.04,16850490,0.913,16850490,0.946,850490,Power.Converter
2013,Parts of the machines of 85.04,16850490,0.96,16850490,0.989,850490,Power.Converter
2014,Parts of the machines of 85.04,16850490,0.737,16850490,0.887,850490,Power.Converter
2015,Parts of the machines of 85.04,16850490,0.757,16850490,0.695,850490,Power.Converter
2016,Parts of the machines of 85.04,16850490,0.69,16850490,0.684,850490,Power.Converter
2017,Parts of the machines of 85.04,16850490,0.481,16850490,0.485,850490,Power.Converter
2003,Electrical apparatus for switching or protecting electrical circuits,168535,0.59382,,,8535,Power.Converter
2004,Electrical apparatus for switching or protecting electrical circuits,168535,0.863,,,8535,Power.Converter
2005,Electrical apparatus for switching or protecting electrical circuits,168535,0.565,,,8535,Power.Converter
2006,Electrical apparatus for switching or protecting electrical circuits,168535,0.277,,,8535,Power.Converter
2007,Electrical apparatus for switching or protecting electrical circuits,168535,0.644,,,8535,Power.Converter
2008,Electrical apparatus for switching or protecting electrical circuits,168535,0.431,168535,0.42134,8535,Power.Converter
2009,Electrical apparatus for switching or protecting electrical circuits,168535,0.456,168535,0.794,8535,Power.Converter
2010,Electrical apparatus for switching or protecting electrical circuits,168535,1,168535,0.978,8535,Power.Converter
2011,Electrical apparatus for switching or protecting electrical circuits,168535,0.726,168535,0.727,8535,Power.Converter
2012,Electrical apparatus for switching or protecting electrical circuits,168535,0.64,168535,0.665,8535,Power.Converter
2013,Electrical apparatus for switching or protecting electrical circuits,168535,0.735,168535,0.664,8535,Power.Converter
2014,Electrical apparatus for switching or protecting electrical circuits,168535,0.625,168535,0.531,8535,Power.Converter
2015,Electrical apparatus for switching or protecting electrical circuits,168535,0.688,168535,0.684,8535,Power.Converter
2016,Electrical apparatus for switching or protecting electrical circuits,168535,0.774,168535,0.768,8535,Power.Converter
2017,Electrical apparatus for switching or protecting electrical circuits,168535,0.916,168535,0.828,8535,Power.Converter
2003,"Boards, panels, consoles, desks, cabinets & oth. bases, equipped with 2/mor ...",16853710,0.436566,,,853710,Control.System
2004,"Boards, panels, consoles, desks, cabinets & oth. bases, equipped with 2/mor ...",16853710,0.856,,,853710,Control.System
2005,"Boards, panels, consoles, desks, cabinets & oth. bases, equipped with 2/mor ...",16853710,0.635,,,853710,Control.System
2006,"Boards, panels, consoles, desks, cabinets & oth. bases, equipped with 2/mor ...",16853710,0.606,,,853710,Control.System
2007,"Boards, panels, consoles, desks, cabinets & oth. bases, equipped with 2/mor ...",16853710,0.961,,,853710,Control.System
2008,"Boards, panels, consoles, desks, cabinets & oth. bases, equipped with 2/mor ...",16853710,0.923,16853710,0.708544,853710,Control.System
2009,"Boards, panels, consoles, desks, cabinets & oth. bases, equipped with 2/mor ...",16853710,0.737,16853710,0.675,853710,Control.System
2010,"Boards, panels, consoles, desks, cabinets & oth. bases, equipped with 2/mor ...",16853710,0.683,16853710,0.562,853710,Control.System
2011,"Boards, panels, consoles, desks, cabinets & oth. bases, equipped with 2/mor ...",16853710,0.436,16853710,0.473,853710,Control.System
2012,"Boards, panels, consoles, desks, cabinets & oth. bases, equipped with 2/mor ...",16853710,0.721,16853710,0.41,853710,Control.System
2013,"Boards, panels, consoles, desks, cabinets & oth. bases, equipped with 2/mor ...",16853710,0.524,16853710,0.318,853710,Control.System
2014,"Boards, panels, consoles, desks, cabinets & oth. bases, equipped with 2/mor ...",16853710,0.374,16853710,0.326,853710,Control.System
2015,"Boards, panels, consoles, desks, cabinets & oth. bases, equipped with 2/mor ...",16853710,0.456,16853710,0.435,853710,Control.System
2016,"Boards, panels, consoles, desks, cabinets & oth. bases, equipped with 2/mor ...",16853710,0.637,16853710,0.561,853710,Control.System
2017,"Boards, panels, consoles, desks, cabinets & oth. bases, equipped with 2/mor ...",16853710,0.518,16853710,0.513,853710,Control.System
2003,"Boards, panels, consoles, desks, cabinets & oth. bases, equipped with 2/mor ...",16853720,0.136289,,,853720,Control.System
2004,"Boards, panels, consoles, desks, cabinets & oth. bases, equipped with 2/mor ...",16853720,0.266,,,853720,Control.System
2005,"Boards, panels, consoles, desks, cabinets & oth. bases, equipped with 2/mor ...",16853720,0.526,,,853720,Control.System
2006,"Boards, panels, consoles, desks, cabinets & oth. bases, equipped with 2/mor ...",16853720,0.574,,,853720,Control.System
2007,"Boards, panels, consoles, desks, cabinets & oth. bases, equipped with 2/mor ...",16853720,0.711,,,853720,Control.System
2008,"Boards, panels, consoles, desks, cabinets & oth. bases, equipped with 2/mor ...",16853720,0.629,16853720,0.442117,853720,Control.System
2009,"Boards, panels, consoles, desks, cabinets & oth. bases, equipped with 2/mor ...",16853720,0.638,16853720,0.575,853720,Control.System
2010,"Boards, panels, consoles, desks, cabinets & oth. bases, equipped with 2/mor ...",16853720,0.374,16853720,0.246,853720,Control.System
2011,"Boards, panels, consoles, desks, cabinets & oth. bases, equipped with 2/mor ...",16853720,0.283,16853720,0.323,853720,Control.System
2012,"Boards, panels, consoles, desks, cabinets & oth. bases, equipped with 2/mor ...",16853720,0.586,16853720,0.497,853720,Control.System
2013,"Boards, panels, consoles, desks, cabinets & oth. bases, equipped with 2/mor ...",16853720,0.314,16853720,0.389,853720,Control.System
2014,"Boards, panels, consoles, desks, cabinets & oth. bases, equipped with 2/mor ...",16853720,0.327,16853720,0.251,853720,Control.System
2015,"Boards, panels, consoles, desks, cabinets & oth. bases, equipped with 2/mor ...",16853720,0.018,16853720,-0.019,853720,Control.System
2016,"Boards, panels, consoles, desks, cabinets & oth. bases, equipped with 2/mor ...",16853720,0.338,16853720,0.342,853720,Control.System
2017,"Boards, panels, consoles, desks, cabinets & oth. bases, equipped with 2/mor ...",16853720,0.304,16853720,0.335,853720,Control.System
2003,"Boards, panels, consoles, desks, cabinets & oth. bases for the gds. of 85.3 ...",16853810,0.770194,,,853810,Power.Converter
2004,"Boards, panels, consoles, desks, cabinets & oth. bases for the gds. of 85.3 ...",16853810,0.662,,,853810,Power.Converter
2005,"Boards, panels, consoles, desks, cabinets & oth. bases for the gds. of 85.3 ...",16853810,0.57,,,853810,Power.Converter
2006,"Boards, panels, consoles, desks, cabinets & oth. bases for the gds. of 85.3 ...",16853810,0.352,,,853810,Power.Converter
2007,"Boards, panels, consoles, desks, cabinets & oth. bases for the gds. of 85.3 ...",16853810,0.502,,,853810,Power.Converter
2008,"Boards, panels, consoles, desks, cabinets & oth. bases for the gds. of 85.3 ...",16853810,0.612,16853810,0.355196,853810,Power.Converter
2009,"Boards, panels, consoles, desks, cabinets & oth. bases for the gds. of 85.3 ...",16853810,0.129,16853810,0.048,853810,Power.Converter
2010,"Boards, panels, consoles, desks, cabinets & oth. bases for the gds. of 85.3 ...",16853810,0.214,16853810,0.2,853810,Power.Converter
2011,"Boards, panels, consoles, desks, cabinets & oth. bases for the gds. of 85.3 ...",16853810,0.216,16853810,0.233,853810,Power.Converter
2012,"Boards, panels, consoles, desks, cabinets & oth. bases for the gds. of 85.3 ...",16853810,0.281,16853810,0.249,853810,Power.Converter
2013,"Boards, panels, consoles, desks, cabinets & oth. bases for the gds. of 85.3 ...",16853810,0.206,16853810,0.203,853810,Power.Converter
2014,"Boards, panels, consoles, desks, cabinets & oth. bases for the gds. of 85.3 ...",16853810,0.19,16853810,0.223,853810,Power.Converter
2015,"Boards, panels, consoles, desks, cabinets & oth. bases for the gds. of 85.3 ...",16853810,0.072,16853810,0.14,853810,Power.Converter
2016,"Boards, panels, consoles, desks, cabinets & oth. bases for the gds. of 85.3 ...",16853810,0.201,16853810,0.199,853810,Power.Converter
2017,"Boards, panels, consoles, desks, cabinets & oth. bases for the gds. of 85.3 ...",16853810,0.362,16853810,0.372,853810,Power.Converter
2003,Parts suit. for use solely/princ. with the app. of 85.35/85.36/85.37 (excl. ...,16853890,0.72954,,,853890,Power.Converter
2004,Parts suit. for use solely/princ. with the app. of 85.35/85.36/85.37 (excl. ...,16853890,1.198,,,853890,Power.Converter
2005,Parts suit. for use solely/princ. with the app. of 85.35/85.36/85.37 (excl. ...,16853890,1.172,,,853890,Power.Converter
2006,Parts suit. for use solely/princ. with the app. of 85.35/85.36/85.37 (excl. ...,16853890,0.771,,,853890,Power.Converter
2007,Parts suit. for use solely/princ. with the app. of 85.35/85.36/85.37 (excl. ...,16853890,0.868,,,853890,Power.Converter
2008,Parts suit. for use solely/princ. with the app. of 85.35/85.36/85.37 (excl. ...,16853890,0.724,16853890,0.782682,853890,Power.Converter
2009,Parts suit. for use solely/princ. with the app. of 85.35/85.36/85.37 (excl. ...,16853890,0.789,16853890,0.855,853890,Power.Converter
2010,Parts suit. for use solely/princ. with the app. of 85.35/85.36/85.37 (excl. ...,16853890,0.789,16853890,0.784,853890,Power.Converter
2011,Parts suit. for use solely/princ. with the app. of 85.35/85.36/85.37 (excl. ...,16853890,0.834,16853890,0.909,853890,Power.Converter
2012,Parts suit. for use solely/princ. with the app. of 85.35/85.36/85.37 (excl. ...,16853890,0.532,16853890,0.857,853890,Power.Converter
2013,Parts suit. for use solely/princ. with the app. of 85.35/85.36/85.37 (excl. ...,16853890,1.048,16853890,1.094,853890,Power.Converter
2014,Parts suit. for use solely/princ. with the app. of 85.35/85.36/85.37 (excl. ...,16853890,1.054,16853890,1.031,853890,Power.Converter
2015,Parts suit. for use solely/princ. with the app. of 85.35/85.36/85.37 (excl. ...,16853890,1.019,16853890,0.934,853890,Power.Converter
2016,Parts suit. for use solely/princ. with the app. of 85.35/85.36/85.37 (excl. ...,16853890,1.104,16853890,1.102,853890,Power.Converter
2017,Parts suit. for use solely/princ. with the app. of 85.35/85.36/85.37 (excl. ...,16853890,1.008,16853890,1.025,853890,Power.Converter
2003,"Electricity meters, incl. calibrating meters therefor",18902830,0.0847203,,,902830,Control.System
2004,"Electricity meters, incl. calibrating meters therefor",18902830,0.127,,,902830,Control.System
2005,"Electricity meters, incl. calibrating meters therefor",18902830,0.086,,,902830,Control.System
2006,"Electricity meters, incl. calibrating meters therefor",18902830,-0.116,,,902830,Control.System
2007,"Electricity meters, incl. calibrating meters therefor",18902830,0.175,,,902830,Control.System
2008,"Electricity meters, incl. calibrating meters therefor",18902830,0.128,18902830,-0.0524586,902830,Control.System
2009,"Electricity meters, incl. calibrating meters therefor",18902830,0.119,18902830,-0.167,902830,Control.System
2010,"Electricity meters, incl. calibrating meters therefor",18902830,-0.069,18902830,-0.229,902830,Control.System
2011,"Electricity meters, incl. calibrating meters therefor",18902830,-0.163,18902830,-0.256,902830,Control.System
2012,"Electricity meters, incl. calibrating meters therefor",18902830,0.054,18902830,0.053,902830,Control.System
2013,"Electricity meters, incl. calibrating meters therefor",18902830,0.297,18902830,0.296,902830,Control.System
2014,"Electricity meters, incl. calibrating meters therefor",18902830,-0.106,18902830,-0.032,902830,Control.System
2015,"Electricity meters, incl. calibrating meters therefor",18902830,-0.433,18902830,0.087,902830,Control.System
2016,"Electricity meters, incl. calibrating meters therefor",18902830,-0.471,18902830,0.253,902830,Control.System
2017,"Electricity meters, incl. calibrating meters therefor",18902830,-0.602,18902830,-0.105,902830,Control.System
2003,Cathode-ray oscilloscopes & cathode-ray oscillographs,18903020,1.15886,,,903020,Control.System
2004,Cathode-ray oscilloscopes & cathode-ray oscillographs,18903020,0.453,,,903020,Control.System
2005,Cathode-ray oscilloscopes & cathode-ray oscillographs,18903020,0.375,,,903020,Control.System
2006,Cathode-ray oscilloscopes & cathode-ray oscillographs,18903020,0.335,,,903020,Control.System
2007,Cathode-ray oscilloscopes & cathode-ray oscillographs,18903020,0.541,,,903020,Control.System
2008,Cathode-ray oscilloscopes & cathode-ray oscillographs,18903020,0.905,18903020,1.16312,903020,Control.System
2009,Cathode-ray oscilloscopes & cathode-ray oscillographs,18903020,0.665,18903020,0.606,903020,Control.System
2010,Cathode-ray oscilloscopes & cathode-ray oscillographs,18903020,0.228,18903020,0.341,903020,Control.System
2011,Cathode-ray oscilloscopes & cathode-ray oscillographs,18903020,0.663,18903020,0.274,903020,Control.System
2012,Cathode-ray oscilloscopes & cathode-ray oscillographs,18903020,1.301,18903020,0.963,903020,Control.System
2013,Cathode-ray oscilloscopes & cathode-ray oscillographs,18903020,0.589,18903020,0.736,903020,Control.System
2014,Cathode-ray oscilloscopes & cathode-ray oscillographs,18903020,0.437,18903020,0.529,903020,Control.System
2015,Cathode-ray oscilloscopes & cathode-ray oscillographs,18903020,0.554,18903020,0.562,903020,Control.System
2016,Cathode-ray oscilloscopes & cathode-ray oscillographs,18903020,1.038,18903020,1.036,903020,Control.System
2017,Cathode-ray oscilloscopes & cathode-ray oscillographs,18903020,0.849,18903020,0.986,903020,Control.System
2003,Multimeters,18903031,0.0836755,,,903031,Control.System
2004,Multimeters,18903031,0.678,,,903031,Control.System
2005,Multimeters,18903031,0.665,,,903031,Control.System
2006,Multimeters,18903031,0.659,,,903031,Control.System
2007,Multimeters,18903031,0.505,,,903031,Control.System
2008,Multimeters,18903031,0.751,18903031,0.669799,903031,Control.System
2009,Multimeters,18903031,0.566,18903031,0.518,903031,Control.System
2010,Multimeters,18903031,0.828,18903031,0.812,903031,Control.System
2011,Multimeters,18903031,0.576,18903031,0.525,903031,Control.System
2012,Multimeters,18903031,0.154,18903031,0.153,903031,Control.System
2013,Multimeters,18903031,0.347,18903031,0.182,903031,Control.System
2014,Multimeters,18903031,0.504,18903031,0.497,903031,Control.System
2015,Multimeters,18903031,0.244,18903031,0.237,903031,Control.System
2016,Multimeters,18903031,0.856,18903031,0.861,903031,Control.System
2017,Multimeters,18903031,0.817,18903031,0.813,903031,Control.System
2003,Instruments & app. for meas./checking voltage/current/resistance/power (exc ...,18903039,1.15062,,,903039,Control.System
2004,Instruments & app. for meas./checking voltage/current/resistance/power (exc ...,18903039,1.169,,,903039,Control.System
2005,Instruments & app. for meas./checking voltage/current/resistance/power (exc ...,18903039,1.035,,,903039,Control.System
2006,Instruments & app. for meas./checking voltage/current/resistance/power (exc ...,18903039,1.115,,,903039,Control.System
2007,Instruments & app. for meas./checking voltage/current/resistance/power (exc ...,18903039,1.662,,,903039,Control.System
2008,Instruments & app. for meas./checking voltage/current/resistance/power (exc ...,18903039,1.171,18903039,1.33446,903039,Control.System
2009,Instruments & app. for meas./checking voltage/current/resistance/power (exc ...,18903039,1.4,18903039,0.961,903039,Control.System
2010,Instruments & app. for meas./checking voltage/current/resistance/power (exc ...,18903039,1.679,18903039,1.614,903039,Control.System
2011,Instruments & app. for meas./checking voltage/current/resistance/power (exc ...,18903039,0.925,18903039,1.59,903039,Control.System
2012,Instruments & app. for meas./checking voltage/current/resistance/power (exc ...,18903039,1.4,18903039,0.977,903039,Control.System
2013,Instruments & app. for meas./checking voltage/current/resistance/power (exc ...,18903039,1.082,18903039,1.136,903039,Control.System
2014,Instruments & app. for meas./checking voltage/current/resistance/power (exc ...,18903039,1.186,18903039,1.185,903039,Control.System
2015,Instruments & app. for meas./checking voltage/current/resistance/power (exc ...,18903039,1.141,18903039,0.847,903039,Control.System
2016,Instruments & app. for meas./checking voltage/current/resistance/power (exc ...,18903039,1.351,18903039,0.833,903039,Control.System
2017,Instruments & app. for meas./checking voltage/current/resistance/power (exc ...,18903039,1.079,18903039,1.164,903039,Control.System
2003,"Automatic regulating/controlling instr. & app., n.e.s. in 90.32",18903289,1.33013,,,903289,Control.System
2004,"Automatic regulating/controlling instr. & app., n.e.s. in 90.32",18903289,1.542,,,903289,Control.System
2005,"Automatic regulating/controlling instr. & app., n.e.s. in 90.32",18903289,1.269,,,903289,Control.System
2006,"Automatic regulating/controlling instr. & app., n.e.s. in 90.32",18903289,1.394,,,903289,Control.System
2007,"Automatic regulating/controlling instr. & app., n.e.s. in 90.32",18903289,1.304,,,903289,Control.System
2008,"Automatic regulating/controlling instr. & app., n.e.s. in 90.32",18903289,1.125,18903289,0.970507,903289,Control.System
2009,"Automatic regulating/controlling instr. & app., n.e.s. in 90.32",18903289,1.394,18903289,1.272,903289,Control.System
2010,"Automatic regulating/controlling instr. & app., n.e.s. in 90.32",18903289,1.302,18903289,1.294,903289,Control.System
2011,"Automatic regulating/controlling instr. & app., n.e.s. in 90.32",18903289,1.394,18903289,1.326,903289,Control.System
2012,"Automatic regulating/controlling instr. & app., n.e.s. in 90.32",18903289,1.243,18903289,1.212,903289,Control.System
2013,"Automatic regulating/controlling instr. & app., n.e.s. in 90.32",18903289,1.368,18903289,1.365,903289,Control.System
2014,"Automatic regulating/controlling instr. & app., n.e.s. in 90.32",18903289,1.305,18903289,1.31,903289,Control.System
2015,"Automatic regulating/controlling instr. & app., n.e.s. in 90.32",18903289,1.189,18903289,1.161,903289,Control.System
2016,"Automatic regulating/controlling instr. & app., n.e.s. in 90.32",18903289,1.243,18903289,1.176,903289,Control.System
2017,"Automatic regulating/controlling instr. & app., n.e.s. in 90.32",18903289,1.179,18903289,1.21,903289,Control.System